{
  "S1_pre_broad": {
    "Dummy": 0.0,
    "LR": 0.487829378456272,
    "RF": 0.4854339644604363,
    "LightGBM": 0.4796091813194576
  },
  "S2_in_broad": {
    "Dummy": 0.0,
    "LR": 0.49545988054815,
    "RF": 0.4888368368960383,
    "LightGBM": 0.4807836806649492
  },
  "S3_in_severe": {
    "Dummy": 0.0,
    "LR": 0.49393306430037426,
    "RF": 0.48327879761705694,
    "LightGBM": 0.4365777229525138
  }
}