split,n_orders,broad_positive_rate,severe_positive_rate
test,38948,0.1989832597309233,0.12308719318065113
train,37639,0.20308722335875024,0.11756422859268312
validation,18981,0.24919656498603868,0.15857963226384278
